FilterName,Wavelength_1,Wavelength_2,Wavelength_3,Wavelength_4,Wavelength_5,Wavelength_6,Wavelength_7,Wavelength_8,Wavelength_9,Wavelength_10,Wavelength_11,Wavelength_12,Wavelength_13,Wavelength_14,Wavelength_15,Wavelength_16,Wavelength_17,Wavelength_18,Wavelength_19,Wavelength_20,Wavelength_21,Wavelength_22,Wavelength_23,Wavelength_24,Wavelength_25,Wavelength_26,Wavelength_27,Wavelength_28,Wavelength_29,Wavelength_30,Wavelength_31,Wavelength_32,Wavelength_33,Wavelength_34,Wavelength_35,Wavelength_36,Wavelength_37,Wavelength_38,Wavelength_39,Wavelength_40,Wavelength_41,Wavelength_42,Wavelength_43,Wavelength_44,Wavelength_45,Wavelength_46,Wavelength_47,Wavelength_48,Wavelength_49,Wavelength_50,Wavelength_51,Wavelength_52,Wavelength_53,Wavelength_54,Wavelength_55,Wavelength_56,Wavelength_57,Wavelength_58,Wavelength_59,Wavelength_60,Wavelength_61,Wavelength_62,Wavelength_63,Wavelength_64,Wavelength_65,Wavelength_66,Wavelength_67,Wavelength_68,Wavelength_69,Wavelength_70,Wavelength_71,Wavelength_72,Wavelength_73,Wavelength_74,Wavelength_75,Wavelength_76,Wavelength_77,Wavelength_78,Wavelength_79,Wavelength_80,Wavelength_81,Wavelength_82,Wavelength_83,Wavelength_84,Wavelength_85,Wavelength_86,Wavelength_87,Wavelength_88,Wavelength_89,Wavelength_90,Wavelength_91,Wavelength_92,Wavelength_93,Wavelength_94,Wavelength_95,Wavelength_96,Wavelength_97,Wavelength_98,Wavelength_99,Wavelength_100,Wavelength_101,Wavelength_102,Wavelength_103,Wavelength_104,Wavelength_105,Wavelength_106,Wavelength_107,Wavelength_108,Wavelength_109,Wavelength_110,Wavelength_111,Wavelength_112,Wavelength_113,Wavelength_114,Wavelength_115,Wavelength_116,Wavelength_117,Wavelength_118,Wavelength_119,Wavelength_120,Wavelength_121,Wavelength_122,Wavelength_123,Wavelength_124,Wavelength_125,Wavelength_126,Wavelength_127,Wavelength_128,Wavelength_129,Wavelength_130,Wavelength_131,Wavelength_132,Wavelength_133,Wavelength_134,Wavelength_135,Wavelength_136,Wavelength_137,Wavelength_138,Wavelength_139,Wavelength_140,Wavelength_141,Wavelength_142,Wavelength_143,Wavelength_144,Wavelength_145,Wavelength_146,Wavelength_147,Wavelength_148,Wavelength_149,Wavelength_150,Wavelength_151,Wavelength_152,Wavelength_153,Wavelength_154,Wavelength_155,Wavelength_156,Wavelength_157,Wavelength_158,Wavelength_159,Wavelength_160,Wavelength_161,Wavelength_162,Wavelength_163,Wavelength_164,Wavelength_165,Wavelength_166,Wavelength_167,Wavelength_168,Wavelength_169,Wavelength_170,Wavelength_171,Wavelength_172,Wavelength_173,Wavelength_174,Wavelength_175,Wavelength_176,Wavelength_177,Wavelength_178,Wavelength_179,Wavelength_180,Wavelength_181,Wavelength_182,Wavelength_183,Wavelength_184,Wavelength_185,Wavelength_186,Wavelength_187,Wavelength_188,Wavelength_189,Wavelength_190,Wavelength_191,Wavelength_192,Wavelength_193,Wavelength_194,Wavelength_195,Wavelength_196,Wavelength_197,Wavelength_198,Wavelength_199,Wavelength_200
Height_8.00_Pitch_4.000_Diameter_0.200_Circle,0.701364887357206,0.701362851473331,0.701362787132333,0.701364649553685,0.701368391143667,0.701373961337053,0.701381306676375,0.70139037242197,0.701401100734429,0.701413432590419,0.701427308134145,0.701442665246603,0.701459441746883,0.701477573761655,0.70149699766186,0.701517648326908,0.701539461065804,0.701562369851268,0.701586309734516,0.701611215183535,0.701637021399732,0.701663663772939,0.70169107774196,0.701719199867962,0.701747967670343,0.701777320523992,0.701807198736443,0.701837544183342,0.701868299964441,0.701899408402424,0.701930813575331,0.701962460696337,0.701994296541449,0.702026269441433,0.702058329533481,0.702090428009901,0.702122517870472,0.702154553489917,0.702186490210751,0.702218285205467,0.702249898037998,0.70228128904995,0.702312420792521,0.702343256459185,0.702373761658474,0.702403903007556,0.702433649141696,0.702462970299974,0.702491838681994,0.702520227329884,0.70254811164265,0.702575467973378,0.702602275171438,0.702628514381634,0.702654171931324,0.702679209473829,0.70270356575683,0.702727286071701,0.702750351703466,0.702772748699555,0.702794465071195,0.702815489496568,0.702835812645155,0.702855425936457,0.702874322258235,0.702892495283066,0.702909940302387,0.702926652671165,0.702942628554332,0.702957865573937,0.702972362418474,0.702986119337205,0.702999137375682,0.703011417752438,0.703022962626445,0.703033774664701,0.703043857093315,0.703053214063627,0.703061849993517,0.703069769805151,0.703076978883137,0.703083483307214,0.703089289732104,0.703094405045189,0.703098836311937,0.703102590536614,0.703105675701524,0.703108100191624,0.70310987316722,0.703111003852124,0.703111502830431,0.703111381237013,0.703110650307312,0.703109320365986,0.703107401398037,0.703104903966139,0.703101839665616,0.70309822077324,0.703094060014235,0.703089369936937,0.703084163209187,0.703078451959318,0.703072248301993,0.703065564182308,0.70305841139768,0.703050802090547,0.7030427482284,0.703034262115862,0.703025356089899,0.70301604238383,0.703006333276607,0.70299624090287,0.702985777038393,0.702974953331956,0.702963782003756,0.702952275190592,0.702940445573052,0.702928305880488,0.702915868055868,0.702903143461772,0.7028901427283,0.702876875987838,0.70286335380136,0.702849586718428,0.7028355860314,0.702821363025566,0.702806929099791,0.702792295396108,0.702777472311452,0.702762469517587,0.702747295722371,0.702731959514032,0.702716469764339,0.702700836412566,0.702685070450636,0.702669183887737,0.702653188173475,0.70263709430594,0.702620912227499,0.702604651233462,0.702588320006911,0.702571927760644,0.702555481255102,0.702538988603755,0.702522456629633,0.702505891841507,0.7024893009477,0.702472690718086,0.702456066825253,0.702439432141268,0.702422791040092,0.70240615126633,0.702389529254986,0.702372935007056,0.702356373416262,0.702339848963475,0.702323366759678,0.702306932211992,0.702290550690139,0.702274227402151,0.702257967617518,0.702241776378194,0.702225658780369,0.702209619598766,0.702193663732082,0.702177795773504,0.702162020225712,0.702146341463157,0.702130763632147,0.702115290817381,0.702099926766977,0.702084675204735,0.702069539730151,0.702054523695211,0.702039630374325,0.702024862916058,0.702010224348291,0.701995717560119,0.701981345355049,0.701967110352634,0.701953015201718,0.701939062651024,0.701925256431148,0.701911602876783,0.701898113784454,0.701884787140002,0.701871629165262,0.701858651717133,0.701845764848609,0.701833041046321,0.70182048284295,0.701808090122297,0.701795863618525,0.701783804331426,0.701771913464051,0.701760192087557,0.701748641800787,0.701737263627585,0.701726058728775,0.701715027570633
Height_8.00_Pitch_4.000_Diameter_3.200_Circle,0.653544403722909,0.640298197641574,0.62435526154099,0.60698864776079,0.588927762891418,0.570565693453892,0.552135922751103,0.533814332749917,0.515776025929715,0.498241437666665,0.481526586944466,0.466119973829654,0.452830436244554,0.44304388271377,0.439115846179309,0.444498209273348,0.461321967877734,0.480738933582503,0.478740242659311,0.448079506164037,0.407491482977448,0.370505482495003,0.339804671362396,0.314350696317263,0.292744845589079,0.273935374607465,0.257218911562522,0.24213408637293,0.228367944760043,0.215673000324559,0.203709212611897,0.191297034577248,0.171471984093014,0.137260283462651,0.137725133453047,0.137285811340029,0.132595886166427,0.126406024435209,0.119700190872049,0.112832672188939,0.105935423581892,0.0990495391697648,0.0921765938099507,0.0853002336354762,0.0784003573968838,0.0714633407265535,0.0644925441904332,0.0575217357343108,0.0506302241485657,0.0439607561042248,0.0377381365375015,0.0322827348176828,0.0280117767175573,0.0254174376332694,0.0250035373908215,0.0285073992742142,0.0358967099357172,0.0460988544058046,0.0587238400970349,0.0731034733313954,0.0884926931291748,0.104202837262538,0.119686431386755,0.134565769548769,0.14862291440658,0.161767774698891,0.174000850366018,0.185377402307048,0.195982754145896,0.205914687771957,0.215272791385409,0.224151026496977,0.232634510586483,0.240796827928405,0.248700679712037,0.256398038953175,0.263931510883313,0.271333991508457,0.278630793637456,0.285839117027615,0.292969578040502,0.30002624448502,0.30700808628857,0.313907885180367,0.320712463770881,0.327402779285223,0.333955597982354,0.340342873438447,0.346531647791731,0.352485220254943,0.358162587577025,0.363520481732368,0.368510359423806,0.37307896514992,0.377167449737892,0.380714795291535,0.383659754485105,0.38594244837679,0.387507004852725,0.388305066356183,0.388302838453888,0.387492889368088,0.385912929909094,0.383675445248728,0.381011816477733,0.378337568161963,0.376338236308074,0.37606835424238,0.37902461941973,0.387105721341697,0.40231153594153,0.426063349253517,0.458259231354767,0.496634309662397,0.537123632521368,0.575298673123076,0.607890234077589,0.633460891588485,0.652128775595085,0.664879185618264,0.672970537799686,0.677593589482011,0.679731770166186,0.680144094436602,0.679393290689773,0.677888335227123,0.675922581547393,0.673704841140772,0.671382665546824,0.669059327047704,0.666806073254145,0.664673169186863,0.662697132464836,0.660907904620508,0.659331140243647,0.657989960583453,0.656902595693401,0.656082870857615,0.655539783645185,0.65527891182794,0.65530340171763,0.655617060544073,0.65621671890587,0.657102691939835,0.658271294016172,0.659718063096475,0.661438945882025,0.663429784514376,0.665684128836916,0.668187179196193,0.670926003607527,0.673895928150078,0.677118867732556,0.680601434182044,0.684335829147639,0.688311914217742,0.692521203965295,0.696955831868708,0.701607975569698,0.706469550451096,0.711532173671967,0.716787400735906,0.72222642922286,0.727840655969107,0.73362089305898,0.739558130329088,0.74564317213719,0.751866630017966,0.758219179530873,0.764691361984135,0.771274571325272,0.777959634118709,0.784738550553774,0.791604153877373,0.798550496928481,0.805573071992666,0.812669888830203,0.819841655505082,0.827093271234272,0.834435141486901,0.841885869449638,0.849476576634437,0.857261598161315,0.865337662164088,0.873887326518936,0.883187355946813,0.893983411718693,0.911049364491067,0.923031269963557,0.928961599632216,0.93431491734501,0.939220502719356,0.943710347377115,0.94779057816125,0.951458844785715,0.954710384209019,0.957541716944758,0.959949192037991,0.961931062329548,0.963485528067767
Height_8.00_Pitch_4.025_Diameter_0.200_Circle,0.701364684034701,0.70136268944652,0.70136264636619,0.70136451042045,0.701368234454149,0.701373768372499,0.70138105921889,0.701390052771857,0.701400691741087,0.701412917667817,0.701426671272492,0.701441891035492,0.701458515379818,0.701476481053637,0.701495725050526,0.701516182887579,0.701537790510452,0.701560482541564,0.701584194674653,0.701608862026476,0.70163442044218,0.701660805954602,0.701687954645605,0.701715803710367,0.701744291294557,0.70177335738356,0.701802942887247,0.701832990269895,0.701863443208805,0.701894244609275,0.701925339116274,0.701956672498948,0.701988192074651,0.702019846700437,0.702051587023211,0.702083364733642,0.702115133312645,0.702146847601885,0.702178463399387,0.702209938315813,0.70224123232902,0.702272306184255,0.702303122813322,0.702333645779925,0.702363841035173,0.702393675522824,0.702423118175973,0.702452139502766,0.702480711930792,0.702508808684885,0.702536405258987,0.702563477959019,0.702590005260607,0.702615967031414,0.702641344064291,0.702666120420375,0.702690285667454,0.702713805087252,0.702736621631291,0.702758781487344,0.702780269081729,0.702801072330859,0.702821181661471,0.702840588420466,0.702859285485168,0.702877266545966,0.702894526917928,0.702911061988219,0.702926867953467,0.702941942458918,0.702956284207436,0.702969893451203,0.702982771232092,0.702994918762704,0.703006338187281,0.703017032153168,0.703027003861613,0.703036257429867,0.703044797238266,0.703052628166716,0.703059755552013,0.703066185419317,0.703071924363084,0.703076979207873,0.703081356952933,0.703085064536162,0.703088109864456,0.703090501242769,0.703092247745398,0.70309335850713,0.703093844011729,0.70309371528809,0.703092983464345,0.703091658764615,0.703089751075674,0.703087270856716,0.703084229589302,0.703080639431784,0.703076512986329,0.703071862678257,0.703066701052122,0.703061040116368,0.703054891866345,0.703048268127747,0.703041180580334,0.703033641245778,0.703025661971871,0.703017254940038,0.703008432364406,0.702999206356006,0.702989589070224,0.702979592520623,0.702969228363406,0.702958508129763,0.702947443916973,0.702936047739655,0.702924332152106,0.702912309756668,0.702899992375922,0.702887391256992,0.702874516920648,0.702861379394195,0.702847989130539,0.702834356570186,0.702820492891896,0.702806409266249,0.702792116977869,0.702777627055789,0.702762949790413,0.702748094754313,0.702733070563088,0.702717885714176,0.702702548987304,0.702687070219754,0.70267146029361,0.702655731100278,0.702639893975697,0.702623959808949,0.702607938442507,0.702591839076894,0.702575670306269,0.702559441250008,0.702543158596201,0.702526830374175,0.702510463334891,0.702494063917001,0.702477638757631,0.70246119455535,0.70244473692072,0.702428268687364,0.702411794177852,0.702395321058216,0.702378865613303,0.702362437747276,0.702346042300096,0.702329683702268,0.702313367009032,0.702297097570167,0.702280880697746,0.702264721544525,0.702248625323958,0.702232597023791,0.702216641685935,0.702200764033605,0.702184968913097,0.702169260867074,0.702153644349173,0.70213812368548,0.702122702975515,0.702107386257406,0.702092177235108,0.702077079587318,0.702062096869402,0.702047232389114,0.702032489376128,0.702017870932424,0.702003380037088,0.701989019526792,0.701974792146032,0.70196070044656,0.701946746992778,0.701932934421361,0.701919266296919,0.701905748681693,0.701892392876177,0.701879196041975,0.701866162010656,0.701853285242713,0.701840567602663,0.701828014634086,0.701815642182647,0.70180336113654,0.701791254242097,0.701779315084396,0.701767543681169,0.701755940661749,0.701744507404033,0.701733244807605,0.701722153952906,0.701711235255483
Height_8.00_Pitch_4.025_Diameter_3.220_Circle,0.6456755277125,0.638470454807589,0.626276688376811,0.610790302671501,0.593450967466943,0.575164000468229,0.556444163352337,0.537592519970781,0.518812245482488,0.500280439047362,0.48219380606604,0.464808581866268,0.448504754887107,0.433888905038993,0.421988384538436,0.414573404752926,0.414539250159855,0.425383104559985,0.446102891907095,0.46035653367467,0.446882226091156,0.411691317632898,0.373285953606256,0.33987646289879,0.312188669145551,0.289033365589945,0.269221597638701,0.251893327155595,0.23647041947269,0.222568033380095,0.209924253109181,0.198334311531536,0.187494921358598,0.176147308225873,0.156427302915393,0.12970795599146,0.129511312481725,0.127253887315645,0.122328696772949,0.116427715908105,0.110185110082884,0.103832632683987,0.0974504895927126,0.0910539215900577,0.0846298965049563,0.0781544850678522,0.0716046060964312,0.0649692650906218,0.0582614066399433,0.0515323973070154,0.0448899061847579,0.0385161840455404,0.0326843546717131,0.0277651654042462,0.0242153119814145,0.0225389524910511,0.0232130214395892,0.0279859891647714,0.0364205384265829,0.0473629977684198,0.0603522963585932,0.0747205033106371,0.0897916158020686,0.104985087522883,0.119866188470645,0.134152473799385,0.147693046477195,0.160434701721025,0.172391091850421,0.183616556702728,0.194187482461154,0.204188124690922,0.213702606714019,0.222808801254361,0.231576613952306,0.240066732022406,0.248331112630158,0.256412055133443,0.264344180089634,0.272153713423596,0.279860025783642,0.287475659267315,0.295007878153798,0.30245763386069,0.309819868322239,0.317083692962287,0.324234086561459,0.331251356951744,0.338111033560403,0.344785195673252,0.351241743385859,0.357446637107519,0.363360695921357,0.368940207387399,0.374135586769263,0.378894441810242,0.383162805802749,0.38688564397052,0.390007682149684,0.392473911445448,0.394231507972769,0.395234088223063,0.395447915573125,0.394862942023991,0.393508803936971,0.391481646165095,0.388983268089318,0.386379114846782,0.384276756089957,0.383618853709007,0.385760186248483,0.392453334093722,0.405609785973052,0.426710356278634,0.455919697547856,0.491401050363506,0.529502434159259,0.565997687020838,0.597591207911005,0.62268175696393,0.641200451978789,0.653995746183676,0.662241659117422,0.667084698284491,0.669487185810846,0.67019785477642,0.66977291627625,0.668614936182305,0.667010607117335,0.665161562026201,0.663208177146997,0.661249221401718,0.659355337619982,0.657580661265557,0.655968063648341,0.654552993508318,0.653362535344573,0.652416895268761,0.651729705353007,0.651309954903203,0.651163343557888,0.651295643698362,0.651705182010021,0.652393498777202,0.653357908023329,0.654594799823996,0.656100875506442,0.657872664148266,0.659904336170494,0.662181698260389,0.664692465902637,0.667432611313914,0.670424552659381,0.673675325130042,0.677177574832768,0.680921632671353,0.684899469794736,0.689103661311553,0.693526801617179,0.698161192928675,0.702998811245007,0.708031517974737,0.713250769032292,0.71864813742289,0.724214542503556,0.729940969520661,0.735818098973216,0.741836273110547,0.747985717581358,0.754256310911413,0.760638510911229,0.767121894296937,0.773696799043057,0.780353886734789,0.78708438661584,0.793880119503179,0.800734292723595,0.807641273653324,0.814597455869532,0.821601593952876,0.828655862461258,0.835767332223837,0.842953309342083,0.850249509222611,0.857727843944243,0.865433629082639,0.873473740955004,0.881989863871002,0.89132416331172,0.902421174366502,0.923617711915032,0.930485335674401,0.935914593015582,0.940734020101778,0.945063747896875,0.948940655557788,0.952378787934317,0.955382408074287,0.957953036601941,0.960089762539423
Height_8.00_Pitch_4.050_Diameter_0.200_Circle,0.701364485578782,0.7013625312317,0.701362508715653,0.701364374058422,0.701368080536165,0.701373578516713,0.701380815536238,0.701389737882452,0.701400288805378,0.701412410401098,0.701426043956649,0.701441128541581,0.701457603172563,0.701475405208519,0.701494472255021,0.701514740456028,0.701536146382737,0.70155862529607,0.701582113521217,0.701606546812364,0.70163186164731,0.701657994690612,0.701684882656068,0.701712463361786,0.70174067556871,0.701769459862221,0.701798757743912,0.701828512256486,0.701858667644707,0.701889167386603,0.701919956684002,0.701950981852467,0.701982190741541,0.70201353272569,0.702044958952796,0.702076421603838,0.702107874632994,0.702139273341411,0.7021705739767,0.702201734580314,0.702232715539531,0.702263477998809,0.702293985267958,0.702324201278608,0.702354092326386,0.702383625685578,0.702412770596743,0.702441497854236,0.702469780144936,0.702497590930695,0.702524905900119,0.702551701509251,0.702577956299894,0.702603650062826,0.702628763208977,0.702653278526196,0.702677180149574,0.702700455275789,0.702723096242551,0.702745071177546,0.702766327235103,0.702786910895575,0.702806809070686,0.702826012340064,0.702844513322886,0.702862305617548,0.702879384505393,0.702895745373639,0.70291138443127,0.702926299332951,0.702940488788718,0.702953953047396,0.702966693142914,0.702978710279427,0.702990006584211,0.703000584684221,0.703010447753906,0.703019599876274,0.703028045394444,0.703035789145329,0.703042836418522,0.703049193184803,0.70305486597946,0.703059861563997,0.703064186872658,0.703067848778234,0.703070855113304,0.703073214103935,0.703074934739089,0.703076026066259,0.703076498470743,0.703076362876995,0.703075630307634,0.703074310888104,0.703072414408093,0.703069951225073,0.703066932709372,0.703063370902711,0.703059278285558,0.703054667163529,0.703049549959279,0.703043938563741,0.703037844854376,0.703031280540233,0.703024257185493,0.703016786692647,0.703008880791924,0.703000551544447,0.702991811043084,0.702982671278339,0.702973144285354,0.702963241957431,0.702952975834175,0.702942357331003,0.702931398424293,0.702920111009183,0.702908507515294,0.702896600420664,0.702884401429158,0.7028719216751,0.702859171571572,0.702846161042829,0.702832900435056,0.70281940008287,0.702805671051946,0.702791724401545,0.702777571303042,0.702763222674824,0.702748688703687,0.702733978863162,0.702719101679435,0.702704065560528,0.702688879195153,0.702673552321345,0.702658095713094,0.70264252114578,0.702626839844013,0.702611062590298,0.702595199128326,0.702579258565974,0.702563249410242,0.702547180688518,0.702531059017809,0.702514892345467,0.702498687350794,0.702482450404351,0.702466188073434,0.702449906986271,0.70243361269278,0.702417307988478,0.702400997146239,0.702384687754949,0.702368395951666,0.70235213154625,0.702335899325537,0.7023197036708,0.702303549583105,0.702287442355574,0.702271387244847,0.702255389348581,0.702239453825913,0.702223585611947,0.702207789695614,0.702192070749955,0.702176433570192,0.702160882650876,0.70214542239756,0.702130057090227,0.702114790783152,0.702099627470791,0.702084570815051,0.702069624453226,0.702054791899159,0.702040076421409,0.702025481210101,0.702011009327504,0.701996663713116,0.70198244716285,0.701968362379065,0.701954411869336,0.701940598148492,0.701926923795961,0.701913392300517,0.701900009610045,0.701886786840837,0.701873721036179,0.701860815760757,0.7018480650842,0.701835469901709,0.701823032849353,0.701810756730248,0.70179864445343,0.70178670138773,0.701774926871456,0.70176326404506,0.701751774162525,0.701740454185227,0.701729304068337,0.70171832451655,0.70170751576077
Height_8.00_Pitch_4.050_Diameter_3.240_Circle,0.628185931555343,0.627766315943091,0.622034616634309,0.611028740147478,0.596197171178932,0.579065607773206,0.560703470860094,0.541753949284146,0.522593840064804,0.503465644053488,0.484557510205319,0.466049767404548,0.448158485895928,0.431181384658608,0.415578292376115,0.402106132682943,0.392070200503241,0.387701665514018,0.392359234986797,0.408640252954373,0.430126026131988,0.435224979716166,0.412454987075946,0.376263536781246,0.341044401947748,0.311118120326912,0.286229872583998,0.265242083384682,0.247166787911648,0.231300424011053,0.217166930604375,0.204448647738994,0.192931614298636,0.18245346423655,0.172760982912557,0.162550154773965,0.143539180565803,0.12382184516197,0.122040186015945,0.118606644729285,0.113609092427494,0.108018758216272,0.102215962105967,0.0963357061938464,0.0904141958417415,0.0844440131085478,0.0783990007020416,0.0722486909178576,0.0659693546124584,0.0595553603681567,0.0530337101768802,0.046480227873559,0.0400385362065742,0.0339375373230443,0.0285022537839662,0.0241503134455703,0.0213637834813778,0.0206333932534495,0.0223784575307387,0.0283334190225874,0.0376668345963926,0.0491763905377893,0.0623748506590967,0.0766318510375875,0.0913562870105212,0.106070971291925,0.120436929754033,0.134243561506192,0.147385000548673,0.159831598897637,0.171604971037229,0.182756433145248,0.193352688012702,0.203464635687012,0.213161835515564,0.222508723670649,0.231563390804614,0.240375466344284,0.248987541798087,0.257433980828479,0.265742275871431,0.273932936772416,0.282021054631991,0.290015267081456,0.297918098278814,0.305726198741026,0.313432046234716,0.321023485274372,0.328483615048983,0.335792270570999,0.342925159373185,0.349856307744764,0.356554760596651,0.362985326921272,0.369107002905132,0.374875959981147,0.380246561130778,0.385171565310142,0.389602417962606,0.393488812043645,0.396778784586675,0.399420544582398,0.40136410327395,0.402565645826513,0.402992434343108,0.402632878782035,0.401510967411118,0.399708955016885,0.397402261705198,0.394910711913306,0.392769639734389,0.391816444927808,0.393267759860726,0.398724727074654,0.409984438870765,0.42853676150359,0.45476119208312,0.487217149943036,0.522688772003043,0.557225098745739,0.587560113212339,0.611966196287358,0.630201857181885,0.642972985359793,0.651357960497022,0.656444420689306,0.659158834858173,0.660225365582147,0.660183048392599,0.65942094188307,0.658214773837015,0.656759556796296,0.655193957211702,0.653620245463547,0.652115360091838,0.650738946428545,0.649535340052186,0.648537069708854,0.647766636213844,0.647239472313694,0.646966022542046,0.646955619064026,0.647209251679912,0.647730551573975,0.648518474596513,0.649570747443041,0.650885194728871,0.652459315449648,0.654288122595909,0.656358199005001,0.658658040594205,0.66118437894508,0.663960249268175,0.666993207134136,0.67027642389387,0.673800773506492,0.677558757402883,0.681543468467534,0.685747999352102,0.690165128586593,0.694787291226062,0.699606769241811,0.704615409327448,0.70980511528447,0.715167095489902,0.720692545494316,0.726372277487819,0.732196670137475,0.738155866866836,0.744239529180014,0.750437722266873,0.756739443668998,0.763134204250001,0.769611546855761,0.77616122462312,0.782773140380963,0.789438024951836,0.796147060641621,0.802892529482199,0.809667843919202,0.816468144859676,0.823291078647933,0.830140999130266,0.837035234435277,0.844018500897992,0.851094604450263,0.858300817817342,0.865650565061693,0.873206514154785,0.881082544007522,0.889480601785656,0.898819288234847,0.910333627997587,0.930974095422216,0.937005773333534,0.941857621132019,0.946080170060516,0.949786000802294,0.95301585558511,0.955786017006014
Height_8.00_Pitch_4.075_Diameter_0.200_Circle,0.701364291809267,0.70136237668284,0.701362374060055,0.701364240363087,0.701367929292552,0.701373391671361,0.701380575520303,0.701389427628067,0.701399891775711,0.701411910605007,0.701425425960108,0.701440377489788,0.701456704794283,0.701474345832956,0.701493238813037,0.701513320494425,0.701534528063354,0.701556797408194,0.701580065474696,0.701604268643597,0.701629344014179,0.701655228872067,0.701681860551921,0.701709177484035,0.70173711903389,0.701765626376362,0.701794641594581,0.701824108299744,0.701853971294196,0.701884174618476,0.701914664021926,0.701945386357131,0.701976289996333,0.702007324822781,0.702038442476842,0.70206959562147,0.702100738676212,0.702131827394317,0.70216281846546,0.702193670355863,0.702224343855662,0.702254800503472,0.702285003981934,0.70231491858768,0.702344510958058,0.702373748697004,0.702402601354331,0.702431040015347,0.702459037636023,0.702486567932691,0.70251360681934,0.70254013095601,0.702566119047815,0.702591551002774,0.70261640727773,0.702640670560962,0.702664324584703,0.70268735527486,0.702709749638199,0.702731497244605,0.702752593250278,0.70277300796671,0.702792692061619,0.702811693150022,0.702830000404511,0.702847606653593,0.70286450690466,0.702880696438125,0.702896171418958,0.702910929481079,0.702924969322293,0.702938291176861,0.702950896062398,0.702962785168781,0.702973960603753,0.702984424970342,0.702994181414974,0.703003233985493,0.703011586986608,0.703019245212048,0.703026213903756,0.703032498980008,0.703038106915302,0.703043044410041,0.70304731833389,0.703050935495113,0.703053903652575,0.703056230955173,0.703057926307495,0.703058998671487,0.70305945833472,0.703059316119513,0.703058582944569,0.703057268837909,0.703055383494097,0.703052937170215,0.703049941127919,0.703046407293235,0.703042348027834,0.703037775518947,0.703032702069967,0.703027139456177,0.703021099439198,0.703014593613583,0.703007633429266,0.703000230672378,0.702992396957241,0.702984144227072,0.70297548445492,0.702966429513787,0.70295699131985,0.702947181648631,0.702937011925196,0.702926493450979,0.702915638084003,0.70290445760138,0.702892964310928,0.70288117056802,0.702869087960755,0.702856727511809,0.702844099528752,0.702831213834476,0.70281808067054,0.702804710267049,0.702791113579769,0.702777301557389,0.702763285260484,0.702749075499414,0.702734682357691,0.702720115213338,0.702705382503528,0.702690492549035,0.702675453948959,0.702660276343905,0.702644970401381,0.702629547783396,0.702614019605162,0.702598396544152,0.70258268824772,0.702566903732248,0.702551051419334,0.702535140246072,0.702519176759596,0.702503168826917,0.702487123057113,0.702471045753617,0.702454943414969,0.702438822600952,0.702422688801687,0.702406544775428,0.702390394746204,0.702374246226855,0.702358115210297,0.702342011413018,0.702325939570348,0.702309904015168,0.702293909695389,0.702277961848954,0.702262065677214,0.702246226225407,0.702230448598598,0.702214737680775,0.702199098408758,0.702183535407101,0.702168053420986,0.702152656897866,0.702137350197319,0.702122137553578,0.702107022978486,0.702092010423186,0.702077103510244,0.702062305836616,0.70204762087776,0.702033051865116,0.702018601952057,0.702004274164812,0.701990071407691,0.701975996441263,0.70196205193273,0.701948240354532,0.701934564184211,0.701921025961147,0.701907629122765,0.701894379540752,0.701881288205599,0.701868352136971,0.701855574805394,0.701842950232248,0.701830479155494,0.701818163937186,0.70180600687773,0.70179400977121,0.701782174353138,0.701770502618364,0.701758997453771,0.701747665135375,0.701736490510141,0.701725444201193,0.701714571300697,0.701703869056552
Height_8.00_Pitch_4.075_Diameter_3.260_Circle,0.606496651735185,0.608650155306629,0.6087915454426,0.604336020385758,0.594582039129649,0.580576913697814,0.563834017635341,0.545555176645941,0.526509441176924,0.507160144457149,0.487797736000738,0.468625941263213,0.44982095541972,0.431569027627686,0.414110263294387,0.397793189703934,0.383178534863942,0.371218245555403,0.363568618796282,0.362966659423668,0.372900067915326,0.393453942700034,0.411437215005612,0.405868738198023,0.377467404104508,0.34266489125974,0.310979517617667,0.284318970370807,0.262018080190707,0.243069453621378,0.226661858049341,0.212222782454879,0.199361986080965,0.187816863549896,0.177416899166125,0.168046052752322,0.159522402363192,0.150576870380406,0.133265925882797,0.118863810055237,0.11552100284095,0.111364626540301,0.106406829155597,0.101131864658733,0.0957350686841702,0.0902750557788155,0.0847506701516851,0.0791342019972065,0.0733883287885999,0.0674774920222882,0.0613800038745565,0.0551005608667961,0.048686662537828,0.04224668659936,0.0359683415246706,0.0301334157202763,0.0251194520993974,0.0213811348200877,0.0194046672284703,0.0196387829950492,0.0224182910700824,0.0294507635956067,0.0395397157263634,0.0514691318322862,0.0647646629089728,0.0788571534653824,0.0932450510368878,0.10754174360905,0.121482988466856,0.134911709637856,0.147755117844831,0.159999119799864,0.171668101398088,0.182807752102146,0.193474331323122,0.203727038223054,0.213623969070206,0.223217951961959,0.23255678598401,0.241681119585702,0.250625304603003,0.259416924144354,0.268078217507806,0.276624944085692,0.285066689259946,0.293407117489952,0.301645638561826,0.309777005879601,0.317791189173851,0.325674990849178,0.333411057630177,0.340980515573942,0.348359607080382,0.355520585037354,0.362429982537503,0.369051602874118,0.375347474805211,0.381278010881769,0.386802179411066,0.391876819172479,0.396456073621549,0.400492570822932,0.403937412405705,0.406742405974062,0.408861008037243,0.410252304901277,0.410886130116472,0.410750612345943,0.40986500953414,0.408299301505166,0.406204677159864,0.403859403966904,0.401732075327781,0.400561674317639,0.401432773346095,0.405792988990778,0.415309539225094,0.431442330476022,0.454731902715275,0.484100446408925,0.516763295516448,0.549090397928047,0.577914948145479,0.601432695156674,0.619253536079164,0.631938071728706,0.640452942860968,0.645805040078937,0.64886713917372,0.650326744877008,0.650697587889042,0.650353525443718,0.649563525221708,0.648523438036295,0.647376804483186,0.646230554491983,0.645162632860997,0.64422944789127,0.643470572268932,0.642913726416292,0.642578297816656,0.642480212402044,0.64262533164955,0.643021002293023,0.643669021094447,0.644569348827002,0.645721610234356,0.647124788741632,0.648775138005357,0.650660320320417,0.652769845419665,0.655101393764754,0.657678790587949,0.660510254536705,0.663589596345876,0.666908329472557,0.670459573433709,0.674237021417355,0.678234345166671,0.68244488144591,0.686861609755714,0.691477325084096,0.696284366616675,0.701275083597369,0.706441103707971,0.711773983017597,0.717264839728662,0.722904292746947,0.728682642903563,0.734589618375041,0.740615228755863,0.746748296791623,0.752977994108657,0.759293338436477,0.765683336834271,0.772136882370846,0.778643374094134,0.785192274937792,0.791773665353947,0.798378155550548,0.804997310902445,0.811624190719609,0.818257183440515,0.824905715941121,0.831603804301484,0.838341173974825,0.845134822391126,0.851968470976455,0.858857834817616,0.86583724674935,0.872958256791671,0.880299560308803,0.88799009169026,0.896263478884023,0.905625870917685,0.9177459704512,0.937244873044286,0.94251523228189,0.946738145429183,0.950321266364883
Height_8.00_Pitch_4.100_Diameter_0.200_Circle,0.701364102555486,0.701362225662268,0.701362242285698,0.701364109236262,0.701367780632081,0.701373207743871,0.701380339069065,0.701389121889031,0.701399500507203,0.701411418102084,0.701424817065364,0.701439637615549,0.701455819926426,0.70147330254787,0.701492024278438,0.701511922483677,0.701532934954344,0.701554998195423,0.701578049762797,0.701602026652846,0.701626866575911,0.701652507427829,0.701678887153321,0.701705944784497,0.701733620280876,0.701761855396656,0.701790592786593,0.701819776620187,0.701849352247922,0.701879264263412,0.701909458953587,0.701939883698964,0.701970487385473,0.702001220396314,0.702032034856173,0.702062883901427,0.702093722409297,0.702124506577623,0.702155193530694,0.702185742152676,0.702216113630459,0.70224626989046,0.702276174983168,0.70230579356527,0.702335092611564,0.702364040053085,0.702392605746637,0.70242076106846,0.702448479245832,0.702475734254563,0.70250250224422,0.70252876009617,0.702554486709911,0.70257966216253,0.702604267054064,0.702628284160316,0.702651697230943,0.702674492066019,0.702696655254091,0.702718175102384,0.702739041533012,0.702759245846951,0.70277878538185,0.702797633406618,0.70281574384425,0.702833165083956,0.702849888750512,0.702865909357127,0.702881222791408,0.702895826561263,0.702909719298763,0.702922901193506,0.702935373229427,0.70294713657055,0.702958193297545,0.702968545984564,0.702978197746951,0.70298715259436,0.702995414791856,0.703002989089987,0.703009880682227,0.703016095433044,0.703021639757891,0.70302652029566,0.703030743852195,0.703034317171641,0.703037247940041,0.703039544230799,0.703041214864454,0.703042268718797,0.703042715985458,0.703042567386315,0.703041833737196,0.703040524970571,0.703038650687568,0.703036221046303,0.703033247201193,0.70302974096516,0.703025714582591,0.703021180124706,0.703016149777293,0.703010635201959,0.703004648046908,0.702998199793386,0.702991301779613,0.70298396567728,0.70297620298681,0.70296802553462,0.702959445177718,0.702950473672014,0.702941122817721,0.702931404274485,0.70292132935478,0.702910909247714,0.702900155695237,0.702889080358931,0.702877695426259,0.702866013132573,0.702854044951683,0.702841801796721,0.702829293872022,0.702816530900963,0.702803523021691,0.702790280362306,0.702776813769349,0.702763134084543,0.702749252258649,0.702735178995853,0.702720924279228,0.702706497391693,0.70269190668338,0.702677160389774,0.702662267021791,0.702647236123365,0.702632078259244,0.702616804978678,0.702601427290197,0.702585955767874,0.70257039996405,0.702554768806179,0.702539070631123,0.702523314287622,0.70250750625453,0.70249165431918,0.702475765022787,0.702459844601789,0.702443899488135,0.702427936173917,0.702411960090287,0.702395973959492,0.702379981957283,0.702363991522315,0.702348018505125,0.702332072531675,0.702316158286122,0.702300280054302,0.70228444273172,0.702268651501765,0.702252911512765,0.702237227757552,0.702221605288684,0.702206048939974,0.702190563597404,0.702175153837865,0.702159824358151,0.702144579559263,0.702129423755829,0.702114361138229,0.702099395676286,0.702084531279596,0.7020697715321,0.702055119992844,0.702040580099434,0.702026155048142,0.70201184795757,0.701997661820257,0.701983599507191,0.70196966374722,0.701955857175228,0.701942182233008,0.701928641366733,0.701915237082522,0.701901972775612,0.701888854254886,0.701875892404226,0.70186308424464,0.701850433190803,0.701837933275921,0.701825585183436,0.701813391188332,0.701801353472546,0.701789473657405,0.70177775319179,0.7017661935241,0.70175479625599,0.701743562958056,0.701732496027073,0.701721598267682,0.70171087768447,0.701700301901055
Height_8.00_Pitch_4.100_Diameter_3.280_Circle,0.587336252400338,0.587530440752632,0.588746097084549,0.588977827987057,0.58551661632993,0.576997283656009,0.563952681567986,0.547770827015605,0.529734231677916,0.510731577332632,0.491317347430215,0.471833473230609,0.45250963026284,0.433522948014428,0.415043195835083,0.397265479908415,0.380459405949565,0.365039985220368,0.351701956636403,0.341649689190029,0.336960991878349,0.340825236788266,0.356082036232717,0.378292501066674,0.388837829642175,0.373947277534697,0.343464400171898,0.311352727300466,0.283179922366855,0.259522564330482,0.239603030885752,0.222568342120327,0.207758677900554,0.194706055659172,0.183090332910511,0.1726961151393,0.16339118163957,0.155111601315142,0.147785097345455,0.140337039417607,0.12577363764835,0.114623196720114,0.110089083882045,0.10552389533322,0.100677184048069,0.0957064592432857,0.0906715155045297,0.0855698701240873,0.080368852644765,0.0750225596486159,0.069484385401163,0.063716968499349,0.0577050940978599,0.0514703219288185,0.0450886686243594,0.0387104445393327,0.0325762168881796,0.0270240316022157,0.022478251516403,0.0194137036365484,0.0182944574047411,0.0194992795287317,0.0232592294059622,0.0312556531177254,0.041970362630307,0.0542039680412771,0.0675254804489552,0.0814376550688309,0.0955216855661603,0.1094671673263,0.123069985276132,0.136213456454003,0.148847278683699,0.16096600337977,0.1725928778543,0.183767405877246,0.194537345288099,0.204951451236279,0.215057681423735,0.224899486936747,0.234515677431386,0.243939237243803,0.253198363423736,0.262315056422806,0.271305270059863,0.280179094002601,0.288942321565777,0.297596069655078,0.306136610494663,0.314557097536445,0.322846446195183,0.330992133578979,0.338976785263172,0.346779207800633,0.354372536153048,0.361727236903216,0.368812045071951,0.375594150520332,0.382039378611626,0.388111482377713,0.393771313791759,0.398977936215866,0.403687999672701,0.407857398338444,0.411440843133914,0.414393779002137,0.416674448031426,0.418245866228048,0.419080424461223,0.419166411631456,0.418518510075126,0.417195536301225,0.41532644908263,0.413151427206429,0.411078971228886,0.409757272219662,0.410145499826458,0.413539118809999,0.42146392041487,0.435323318155124,0.455767722229651,0.482032461547863,0.511754307020757,0.541660836979072,0.568753191967302,0.591204546030422,0.608498006220328,0.621039615719038,0.629665530387307,0.635284997962756,0.638702823864092,0.640563634185536,0.641357072020807,0.641447658095687,0.6411032004345,0.640520457994821,0.639841760816743,0.639169358902826,0.638575533953164,0.638111422499614,0.637813315906639,0.637709453757407,0.637814708234898,0.638143161146798,0.638701664386368,0.639494056238544,0.640522990414989,0.641789860924437,0.643292871061453,0.645021300819647,0.64696608439831,0.649126176301984,0.651526470875869,0.654176076022617,0.657069619994336,0.660199400212923,0.663559277852162,0.667143654490976,0.670946878800397,0.674962937107241,0.67918544088535,0.683607786141891,0.688222894797403,0.69302365791472,0.69800222644636,0.703150632489057,0.708460429847478,0.713922624935706,0.719527844893904,0.725266079853663,0.731127510562348,0.737101050610583,0.743175844969134,0.749340756248862,0.755584486898944,0.761895451315844,0.768262361337185,0.77467375177114,0.781118484847653,0.787585608211702,0.794064700877001,0.800546310498834,0.807025629158531,0.813507971187969,0.820021990139109,0.826551072060316,0.833103658358231,0.839652324531616,0.846197115608505,0.852749954724905,0.859328952726944,0.865959853422061,0.872680531112435,0.879548111983634,0.886651942116698,0.894140516199148,0.90228875628712,0.911715018144607,0.924779265376416,0.942463624685375
